Ministry/Department/Agency,Financial Year,Approved Budget,Actual Expenditure,Variance
"Arror Dam 91,852,267 -",2020/2021,6159578.0,6159578.0,0.0
Itare Dam,2020/2021,141552608.0,20026363.0,121526245.0
Kimwarer Dam,2020/2021,71878751.0,5126759.0,66751992.0
Agricultural Settlement Fund,2020/2021,75778732.0,1997085.0,73781647.0
Agro-Chemical and Food,2020/2021,2846884000.0,2941884000.0,-95000000.0
Catering Levy Trustee/Kenya,2020/2021,122000000.0,122125028.0,-125028.0
4 Coast Water Service Board,2020/2021,26271589290.0,12612106531.0,13659482759.0
5 IDB Capital Limited,2020/2021,1555675500.0,427859958.0,1127815542.0
Industrial and Commercial,2020/2021,1154256132.0,834256132.0,320000000.0
7 Kenya Civil Aviation Authority,2020/2021,2083556987.0,2029024956.0,54532031.0
Kenya Electricity Generating,2020/2021,124031838792.0,91083498902.0,32948339890.0
9 Kenya Meat Commission,2020/2021,940241100.0,300000000.0,640241100.0
Kenya Power and Lighting,2020/2021,81057031602.0,48028197610.0,33028833992.0
12 Kenya Railways Corporation,2020/2021,473210691342.0,275999310390.0,197211380952.0
Lake Victoria South Water,2020/2021,14511405134.0,1978015170.0,12533389964.0
15 Northern Water Services Board,2020/2021,5389000000.0,2757691547.0,2631308453.0
16 Nzoia Sugar Company Limited,2020/2021,458510100.0,11026057100.0,-10567547000.0
South Nyanza Sugar Company,2020/2021,199027420.0,207504015.0,-8476595.0
18 Tana Water Services Board,2020/2021,7543116143.0,1806440885.0,5736675258.0
19 Water Resource Management,2020/2021,1397341243.0,362612300.0,1034728943.0
20 Rural Electrification Authority,2020/2021,13649158450.0,15545025827.0,-1895867377.0
6550000 Deposit Bank,2020/2021,533636762.0,362819658.0,170817104.0
6580000 Cash in Hand,2020/2021,45164045.0,473232332365.0,-473187168320.0
6760000 Government,2020/2021,2389969.0,2155433186.0,-2153043217.0
7320000 Deposits,2020/2021,533636762.0,10053228283.0,-9519591521.0
Deposit,2020/2021,2436001.0,14048902.0,-11612901.0
Recurrent,2020/2021,1208457022.0,1043185629.0,165271393.0
Development,2020/2021,310494059.0,221937305.0,88556754.0
1. Group Life,2020/2021,750882759947.0,5.0,750882759942.0
2. Last Expense(M+6),2020/2021,111830250000.0,7.0,111830249993.0
3. GPA Accidental Disability and,2020/2021,750882759947.0,2.0,750882759945.0
4. WIBA,2020/2021,750882759947.0,2.0,750882759945.0
Single Journey Visa,2020/2021,667900.0,667900.0,0.0
Transfer to Other,2020/2021,370725939.0,238383946.0,132341993.0
Daadab,2020/2021,262846931.0,81020077.0,181826854.0
Fafi,2020/2021,219986292.0,56229803.0,163756489.0
Lagdera,2020/2021,166527163.0,35170726.0,131356437.0
Daadab,2020/2021,148362100.0,7195402.0,141166698.0
Fafi,2020/2021,139500000.0,74868000.0,64632000.0
Lagdera,2020/2021,100530198.0,2219275.0,98310923.0
Daadab,2020/2021,157500000.0,77934651.0,79565349.0
Lagdera,2020/2021,99000000.0,47460500.0,51539500.0
Basic Wages,2020/2021,481886056.0,332277303.0,149608753.0
"Hospitality, Supplies and",2020/2021,35000000.0,19464219.0,15535781.0
"Fuel, Oil and Lubricants",2020/2021,25000000.0,15407740.0,9592260.0
Other Operating Expenses,2020/2021,290500000.0,156828713.0,133671287.0
Routine Maintenance. Other,2020/2021,329000000.0,259701258.0,69298742.0
Los Angeles,2020/2021,143328.0,108898.0,34430.0
Washington,2020/2021,44908.0,3353710.0,-3308802.0
Headquarter’s Recurrent,2020/2021,51168.0,26900.0,24268.0
KIDDP,2020/2021,26342444.0,26159554.0,182890.0
EASTRIP,2020/2021,72009480.0,71945910.0,63570.0
"Kshs.154,",2020/2021,469.0,857.0,-388.0
"03 June,",2020/2021,2021.0,336212338.0,-336210317.0
"14 June,",2020/2021,2021.0,471910800.0,-471908779.0
"21 June,",2020/2021,2021.0,15015749.0,-15013728.0
"24 June,",2020/2021,2021.0,396062987.0,-396060966.0
is December,2020/2021,31.0,2016.0,-1985.0
additional credit is December,2020/2021,31.0,2016.0,-1985.0
1 31.7,2020/2021,167886243.0,1808616.0,166077627.0
2 41.6,2020/2021,220317594.0,707029.0,219610565.0
3 14.7,2020/2021,77852611.0,317766.0,77534845.0
"529,609,600",2020/2021,2833411.0,2637584.0,195827.0
"in October,",2020/2021,2021.0,46.0,1975.0
"25 June,",2020/2021,2021.0,78696326.0,-78694305.0
2 July,2020/2021,2021.0,12876330.0,-12874309.0
"6 July,",2020/2021,2021.0,62690000.0,-62687979.0
1. Ntungi Primary School,2020/2021,24.0,72.0,-48.0
2. Keera - West Mugirango,2020/2021,24.0,56.0,-32.0
3. Nyamakoroto - Karantini (36m,2020/2021,24.0,56.0,-32.0
4. Rikenye - Embaro Footbridge,2020/2021,24.0,56.0,-32.0
5. Reconstruction of Mokowe,2020/2021,130.0,141.0,-11.0
Recurrent Transfer,2020/2021,107999288.0,171499288.0,-63500000.0
Use of Goods and Services,2020/2021,317657503.0,282175648.0,35481855.0
Transfers to Other,2020/2021,12304531327.0,11072441399.0,1232089928.0
Social Security Benefits,2020/2021,16400000.0,12248752.0,4151248.0
Acquisition of Assets,2020/2021,234473474.0,129193931.0,105279543.0
Use of Goods and Services,2020/2021,58874964.0,58712798.0,162166.0
Recurrent Account,2020/2021,4944866851.0,4764895499.0,179971352.0
Development Account,2020/2021,34811135995.0,29224867439.0,5586268556.0
AIA,2020/2021,19853569403.0,15529398589.0,4324170814.0
"Further, the unpaid interest in respect to interim certificates",2020/2021,5.0,6.0,-1.0
"Grant Units of 511,820 UAs",2020/2021,511820.0,2100155033467.0,-2100154521647.0
"Grant Units of 1,200,000 UAs",2020/2021,1200000.0,5500155011104.0,-5500153811104.0
1. Olkalou Town,2020/2021,589937192.0,6.0,589937186.0
Sewerage,2020/2021,2020.0,2020.0,0.0
2. Oyugis -,2020/2021,608822545.0,13.0,608822532.0
Water Supply,2020/2021,2018.0,2019.0,-1.0
3. Kendu Bay,2020/2021,580973587.0,16.0,580973571.0
Water Supply,2020/2021,2018.0,2019.0,-1.0
4. Ugunja -,2020/2021,1046858732.0,2.0,1046858730.0
Ukwala -,2020/2021,2019.0,2019.0,0.0
5. Last Mile,2020/2021,114309996.0,25.0,114309971.0
6. Kipkarren,2020/2021,1185758756.0,13.0,1185758743.0
dam treatment,2020/2021,2018.0,2019.0,-1.0
7. Kiptogot -,2020/2021,1200043073.0,15.0,1200043058.0
Kolongolo,2020/2021,2018.0,2021.0,-3.0
Stamp Duty,2020/2021,12988148.0,4549819.0,8438329.0
Stand Premia on Town,2020/2021,79837768.0,67171533.0,12666235.0
Other Revenue,2020/2021,1065771654.0,189563127.0,876208527.0
Conveyance Fees,2020/2021,8886286.0,7570740.0,1315546.0
Land Valuation Fee,2020/2021,6456878.0,2322035.0,4134843.0
Recurrent Bank Account,2020/2021,560349861.0,4933997.0,555415864.0
Development Bank,2020/2021,271220447.0,1975733.0,269244714.0
Deposit Bank Account,2020/2021,279319245.0,281928092.0,-2608847.0
Cash in Hand,2020/2021,589040131.0,244789.0,588795342.0
Government Imprests,2020/2021,703393.0,664205.0,39188.0
General Deposits,2020/2021,241807410.0,281928092.0,-40120682.0
Other Liabilities,2020/2021,9298544.0,9298544.0,0.0
Opening Balances,2020/2021,12288008888.0,35102567.0,12252906321.0
components i.e components,2020/2021,1.0,2.0,-1.0
Lot,2020/2021,2.0,39287.0,-39285.0
Lot,2020/2021,4.0,22015.0,-22011.0
Lot,2020/2021,5.0,147512.0,-147507.0
"July-September,",2020/2021,2020.0,15.0,2005.0
"October - December,",2020/2021,2020.0,15.0,2005.0
"April - June,",2020/2021,2021.0,5.0,2016.0
LOT,2020/2021,1.0,500000.0,-499999.0
LOT,2020/2021,2.0,500000.0,-499998.0
LOT,2020/2021,3.0,400000.0,-399997.0
LOT,2020/2021,4.0,600000.0,-599996.0
Kakamega Mwanzo,2020/2021,20000.0,300000.0,-280000.0
Mulama,2020/2021,20000.0,300000.0,-280000.0
Kisii Ichumi Primary,2020/2021,20000.0,300000.0,-280000.0
Bunyonge,2020/2021,10000.0,150000.0,-140000.0
RiaKiriama,2020/2021,20000.0,300000.0,-280000.0
prescribed under Regulations,2020/2021,100.0,104.0,-4.0
"Utilities, Supplies and Services",2020/2021,6135255.0,448908.0,5686347.0
"Telephone, Telex, Facsimile and",2020/2021,500000.0,840420.0,-340420.0
Training Expenses - Travel,2020/2021,12733180.0,12208527.0,524653.0
Job categories,2020/2021,67.0,252.0,-185.0
Job Category,2020/2021,1197.0,218.0,979.0
Office Furniture and General,2020/2021,34146327.0,43469366.0,-9323039.0
Software,2020/2021,23220001.0,23220001.0,0.0
Vehicles and Other Transport,2020/2021,86943039.0,77620000.0,9323039.0
Exchequer,2020/2021,31126369476.0,148113239011.0,-116986869535.0
General suspense,2020/2021,593620698.0,593622524.0,-1826.0
Kenya Agency for Cash,2020/2021,1168237459.0,167852778.0,1000384681.0
Co-operative State Department of,2020/2021,1141696731500.0,50117479.0,1141646614021.0
Kenya Post Inua Jamii Project,2020/2021,744130013971.0,20135257.0,744109878714.0
Equity Bank Agency for Cash,2020/2021,180279733379.0,223517330.0,180056216049.0
"Payments 30 June,",2020/2021,2021.0,30.0,1991.0
Surplus,2020/2021,486296128.0,314001881.0,172294247.0
Bank Balances,2020/2021,486296128.0,1618376310.0,-1132080182.0
"July, 2020 - March,",2020/2021,2021.0,2041514.0,-2039493.0
"April, 2021 - June,",2020/2021,2021.0,644024.0,-642003.0
2016/2017,2020/2021,1065421154.0,745794808.0,319626346.0
2017/2018,2020/2021,1364759144.0,955331401.0,409427743.0
2018/2019,2020/2021,1571862220.0,1100303554.0,471558666.0
2019/2020,2020/2021,1666666523.0,1166666566.0,499999957.0
2020/2021,2020/2021,1835176919.0,1284623844.0,550553075.0
Routine Maintenance -,2020/2021,7.0,3012052.0,-3012045.0
"Research, Studies,",2020/2021,10.0,1503511895.0,-1503511885.0
Outstanding Imprest,2020/2021,12.0,92490.0,-92478.0
Hospital Supplies and,2020/2021,7.0,92827869.0,-92827862.0
Communication,2020/2021,7.0,2729348.0,-2729341.0
Domestic Travel and,2020/2021,7.0,3367330.0,-3367323.0
"Research Studies,",2020/2021,10.0,1503511895.0,-1503511885.0
"Research Studies,",2020/2021,10.0,1503511895.0,-1503511885.0
"Hospitality 24 June, 2021 Payment of allowances to",2020/2021,39.0,2212540.0,-2212501.0
Use of Goods and,2020/2021,272705455.0,271396408.0,1309047.0
Fund Balance b/fwd,2020/2021,13.0,319831.0,-319818.0
Surplus/Deficit for the Year,2020/2021,2243587.0,7474982.0,-5231395.0
Net Financial Position,2020/2021,2459479.0,7474982.0,-5015503.0
Exchequer Releases,2020/2021,5973111495.0,3582215382.0,2390896113.0
Transfers to Other,2020/2021,5198007389.0,8780222771.0,-3582215382.0
Exchequer Releases,2020/2021,5921792580.0,5921792484.0,96.0
Use of Goods and Services,2020/2021,272705455.0,271396408.0,1309047.0
Surplus/Deficit,2020/2021,2243587.0,3552634.0,-1309047.0
2210300 Domestic Travel and,2020/2021,30784060.0,30928260.0,-144200.0
2210400 Foreign Travel and,2020/2021,28104355.0,28105995.0,-1640.0
"2210500 Printing, Advertising and",2020/2021,2591143.0,2625975.0,-34832.0
2210800 Hospitality Supplies and,2020/2021,17986266.0,18050066.0,-63800.0
2211300 Other Operating Expenses,2020/2021,105019314.0,103836194.0,1183120.0
2220100 Routine Maintenance –,2020/2021,5162160.0,5143561.0,18599.0
3110400 Construction of Roads,2020/2021,94949999.0,90670850.0,4279149.0
9990000 Opening Balance Reserves,2020/2021,319831.0,3988329802.0,-3988009971.0
CBK-Recurrent,2020/2021,273710578.0,1585520.0,272125058.0
CBK-Deposits,2020/2021,147065903.0,136996315.0,10069588.0
"30 June,",2020/2021,2021.0,4279148.0,-4277127.0
B Frame 3/5,2020/2021,854000.0,2049100.0,-1195100.0
D Roof Finishing and 3/8,2020/2021,1195100.0,638700.0,556400.0
E Windows 3/10,2020/2021,248350.0,174965.0,73385.0
F Doors 3/13,2020/2021,1116000.0,387500.0,728500.0
J Ceiling Finishes 3/17,2020/2021,426700.0,616800.0,-190100.0
L Joinery Fitting 3/20,2020/2021,4105560.0,88500.0,4017060.0
Enabling Kiosks-,2020/2021,3342800.0,2540528.0,802272.0
Final Account,2020/2021,5663650.0,4304374.0,1359276.0
Pigeon Towers -,2020/2021,8271600.0,5514400.0,2757200.0
Final Account,2020/2021,8458662.0,6748612.0,1710050.0
Current Grants To Note,2020/2021,5.0,492770000.0,-492769995.0
Capital Grants to Note,2020/2021,5.0,25000000.0,-24999995.0
Other Capital Note,2020/2021,5.0,217100000.0,-217099995.0
Use of Goods and Note,2020/2021,4.0,260468993.0,-260468989.0
Bank Balance Note,2020/2021,8.0,411902.0,-411894.0
Accounts Note,2020/2021,9.0,2462503.0,-2462494.0
Accounts Payables Note,2020/2021,10.0,397099.0,-397089.0
Fund Balance Note,2020/2021,11.0,6041851.0,-6041840.0
Acquisition of Assets,2020/2021,25898894.0,63988512.0,-38089618.0
Funds Balance Brought,2020/2021,626231.0,4979594344.0,-4978968113.0
Adjustment during the year,2020/2021,626231.0,484062818.0,-483436587.0
Account Payable - Deposits,2020/2021,452910021.0,1548803431.0,-1095893410.0
Use of Goods and,2020/2021,181495370.0,182934970.0,-1439600.0
Bank Balances,2020/2021,15484718883.0,1628760665.0,13855958218.0
Accounts,2020/2021,3302084.0,4399704.0,-1097620.0
Accounts,2020/2021,15865604201.0,459943635.0,15405660566.0
"2 June,",2020/2021,2021.0,166.0,1855.0
"21 June,",2020/2021,2021.0,175.0,1846.0
"24 June,",2020/2021,2021.0,179.0,1842.0
"28 June,",2020/2021,2021.0,181.0,1840.0
30 June,2020/2021,2021.0,187.0,1834.0
30 June,2020/2021,2021.0,153.0,1868.0
149.,2020/2021,2.0,20.0,-18.0
Arror Dam,2021/2022,91852267.0,3196591.0,88655676.0
Itare Dam Project,2021/2022,141552608.0,36388094.0,105164514.0
Kimwarer Dam,2021/2022,71878751.0,15380277.0,56498474.0
1. Athi Water Services Board,2021/2022,47181677443.0,44780310172.0,2401367271.0
2. Coast Water Service Board,2021/2022,15839546804.0,12865923145.0,2973623659.0
3. Equity Bank Limited,2021/2022,136672275.0,14913236.0,121759039.0
4. Kenya Airports Authority,2021/2022,1708012739.0,1709808167.0,-1795428.0
5. Kenya Electricity Generating,2021/2022,81533589265.0,88136215941.0,-6602626676.0
6. Kenya Electricity Transmission,2021/2022,2306257099.0,2563713710.0,-257456611.0
7. Kenya Meat Commission,2021/2022,940241100.0,300000000.0,640241100.0
8. Kenya Power and Lighting,2021/2022,56147469037.0,56340742324.0,-193273287.0
9. Kilifi Mariakani Water and,2021/2022,283998236.0,379210338.0,-95212102.0
10. Lake Victoria North Water Services,2021/2022,11594143705.0,12618417315.0,-1024273610.0
11. Lake Victoria South Water,2021/2022,12991985210.0,9471336598.0,3520648612.0
"12. Malindi Water, Sewerage and",2021/2022,284748410.0,354033526.0,-69285116.0
13. Northern Water Services Board,2021/2022,5389000000.0,3267383722.0,2121616278.0
14. Nzoia Sugar Company Limited,2021/2022,458510100.0,11454385173.0,-10995875073.0
15. Rural Electrification Authority,2021/2022,13426088636.0,13385625937.0,40462699.0
16. Tana Water Services Board,2021/2022,7543116143.0,4545195118.0,2997921025.0
17. Tanathi Water Services Board,2021/2022,9713565506.0,5691292426.0,4022273080.0
18. Water Resource Management,2021/2022,1397341243.0,362612300.0,1034728943.0
1 Ministry of Interior National Police,2021/2022,824928279.0,400000000.0,424928279.0
2 Ministry of Interior State Department,2021/2022,999628135.0,400000000.0,599628135.0
3 State House - Uhuru & Central,2021/2022,1183494712.0,778192768.0,405301944.0
Acquisition of Non-Financial Assets,2021/2022,3364346908.0,3182739569.0,181607339.0
"disclosed in the statement of financial assets as at 30 June,",2021/2022,2020.0,30.0,1990.0
"1981 16 November,",2021/2022,2021.0,39564.0,-37543.0
"1983 16 November,",2021/2022,2021.0,39564.0,-37543.0
"2143 21 February,",2021/2022,2022.0,39563.0,-37541.0
"2142 21 February,",2021/2022,2022.0,39563.0,-37541.0
"16 September,",2021/2022,2021.0,23.0,1998.0
"of Kshs.26,868,445. The awards have been outstanding since 31 October,",2021/2022,2017.0,3.0,2014.0
"30 September, 2022. According to the project status as at August,",2021/2022,2022.0,99.0,1923.0
Proposed Storm Water Drainage and,2021/2022,91458775.0,101643235.0,-10184460.0
Proposed Construction of Qorahey,2021/2022,74341042.0,83959580.0,-9618538.0
"1 New Mokowe 15 February,",2021/2022,2019.0,12.0,2007.0
"2 Kapkures 12 October,",2021/2022,2020.0,12.0,2008.0
"3 Kiptabsir – 06 June,",2021/2022,2020.0,30.0,1990.0
"4 Kiangonina 04 May,",2021/2022,2020.0,30.0,1990.0
"5 Tirgamo 10 September,",2021/2022,2021.0,26.0,1995.0
6 Kitutu Chache,2021/2022,2013.0,2014.0,-1.0
"7 Proposed 27 July,",2021/2022,2015.0,15.0,2000.0
"8 Proposed 16 March,",2021/2022,2020.0,22.0,1998.0
in respect of interim certificate number,2021/2022,4.0,5.0,-1.0
the unpaid interest in respect to interim certificates,2021/2022,7.0,9.0,-2.0
Olkalou Town Sewarage,2021/2022,2083.0,92987.0,-90904.0
Narok Town Sewerage,2021/2022,195187509.0,190516950.0,4670559.0
PTorotajelc t,2021/2022,403580496.0,387832151.0,15748345.0
1. Keroka Town Water Supply,2021/2022,114309996.0,22861999.0,91447997.0
2. Kabarnet Last Mile,2021/2022,113331422.0,46413715.0,66917707.0
4. Kipkarren Dam Treatment,2021/2022,1185758692.0,767104954.0,418653738.0
5. Bomet Mulot Water Supply,2021/2022,2068582536.0,356652161.0,1711930375.0
6. Oyugis Water Supply and,2021/2022,608822546.0,361533787.0,247288759.0
7. Cheparareira Sewerage,2021/2022,217096202.0,100882860.0,116213342.0
8. Malaba Water Supply,2021/2022,654336922.0,103363574.0,550973348.0
People provided with,2021/2022,80000.0,131000.0,-51000.0
People provided with,2021/2022,80000.0,167000.0,-87000.0
Unique project,2021/2022,80000.0,167000.0,-87000.0
New Household sewer,2021/2022,16000.0,13000.0,3000.0
New Piped household,2021/2022,16000.0,10900.0,5100.0
People in the informal,2021/2022,144000.0,84940.0,59060.0
Stamp Duty,2021/2022,5099886.0,13637556.0,-8537670.0
Stand Premia on Town Plots,2021/2022,51289316.0,81588614.0,-30299298.0
Other Revenue,2021/2022,612035451.0,996457873.0,-384422422.0
Land Adjudication and Case Fees,2021/2022,215628.0,1497084.0,-1281456.0
Conveyance Fees,2021/2022,6577910.0,8243130.0,-1665220.0
Land Valuation Fee,2021/2022,9345611.0,51357671.0,-42012060.0
Land Registration Fees,2021/2022,8543178.0,18515080.0,-9971902.0
"17 November,",2021/2022,2020.0,13.0,2007.0
"the Management, the delay was attributable to slow implementation of components",2021/2022,1.0,2.0,-1.0
Account Payables - Deposits,2021/2022,10.0,125446639.0,-125446629.0
Transfers to other Government Units - 5b,2021/2022,4981711.0,5036311.0,-54600.0
ELRP,2021/2022,149704439.0,169772450.0,-20068011.0
ASDSP II,2021/2022,830000.0,256320.0,573680.0
NARIG,2021/2022,25764399.0,49454617.0,-23690218.0
CADREP,2021/2022,7205831.0,9956263.0,-2750432.0
MOALF/DRSLP/T04 Construction of Lol,2021/2022,1.0,11393136.0,-11393135.0
MOALF/DRSLP/T04 Construction of,2021/2022,1.0,9899921.0,-9899920.0
MOALF/DRSLP/T00 Drilling and,2021/2022,2.0,5517327.0,-5517325.0
MOALF/DRSLP/T00 Drilling and,2021/2022,2.0,5594811.0,-5594809.0
MOALF/DRSLP/T00 Drilling and,2021/2022,3.0,8230544.0,-8230541.0
MOALF/DRSLP/T00 Drilling and,2021/2022,3.0,8118914.0,-8118911.0
Training Expenses,2021/2022,8618341.0,21204538.0,-12586197.0
Specialized Materials and Supp,2021/2022,8281552.0,9189652.0,-908100.0
Office and General Supplies and,2021/2022,1354607.0,490000.0,864607.0
Fuel Oil and Lubricants,2021/2022,1437800.0,2669500.0,-1231700.0
Other Operating Expenses,2021/2022,9997098.0,10069558.0,-72460.0
Routine Maintenance - Vehicles,2021/2022,4259400.0,2743340.0,1516060.0
"Research, Feasibility Studies, Project",2021/2022,16243960.0,26960385.0,-10716425.0
"1. 5 July,",2021/2022,2021.0,16.0,2005.0
"2. 5 September,",2021/2022,2021.0,14.0,2007.0
"3. 5 November,",2021/2022,2021.0,15.0,2006.0
"4. 5 January,",2021/2022,2022.0,1.0,2021.0
"5. 5 March,",2021/2022,2022.0,27.0,1995.0
"As reported in previous years, at least 79,057 of the",2021/2022,357355.0,6.0,357349.0
"July, 2021 - Sep,",2021/2022,2021.0,1010632.0,-1008611.0
Oct -Dec,2021/2022,2021.0,1023573.0,-1021552.0
Jan-March,2021/2022,2022.0,1055127.0,-1053105.0
"April, 2021 - June,",2021/2022,2021.0,1063277.0,-1061256.0
2016/2017,2021/2022,1065421154.0,745794808.0,319626346.0
2017/2018,2021/2022,1364759144.0,955331401.0,409427743.0
2018/2019,2021/2022,1571862220.0,1100303554.0,471558666.0
2019/2020,2021/2022,1666666523.0,1166666566.0,499999957.0
2020/2021,2021/2022,1835176919.0,1284623844.0,550553075.0
2021/2022,2021/2022,2720886007.0,1904620205.0,816265802.0
Cash and Cash Equivalents,2021/2022,156999780.0,619741521.0,-462741741.0
Account Payables,2021/2022,139997793.0,610777009.0,-470779216.0
Cash Flow from Operating,2021/2022,87088365.0,547777107.0,-460688742.0
Net Increase in Cash and,2021/2022,18417850.0,481106592.0,-462688742.0
Cash and Cash Equivalent at,2021/2022,156999780.0,619741521.0,-462741741.0
2210400 Foreign Travel and,2021/2022,48290544.0,48152550.0,137994.0
6530000 Recurrent Bank Account,2021/2022,14551584.0,616842216.0,-602290632.0
6550000 Deposit Bank Account,2021/2022,138954996.0,116405157.0,22549839.0
Bank Balances,2021/2022,125937.0,867454964.0,-867329027.0
No OP/CAB.9/1A dated March,2021/2022,11.0,2020.0,-2009.0
Use of Goods and Services,2021/2022,3452700.0,1124600383.0,-1121147683.0
Acquisition of Assets,2021/2022,113712470.0,158161048.0,-44448578.0
Bank Balances,2021/2022,2046504.0,17576228.0,-15529724.0
Cash Balances,2021/2022,1285272500.0,653144.0,1284619356.0
Imprests and Advances and District,2021/2022,11964893.0,7076806.0,4888087.0
Third-Party Deposits and Retention,2021/2022,6153920.0,4949389.0,1204531.0
2 Principal Finance Officer DPP 6 N,2021/2022,1.0,2.0,-1.0
3 Accountant II/I/Senior. II DPP 10/9/8 J/K/l,2021/2022,9.0,12.0,-3.0
4 Supply Chain Management DPP H/J/K/L,2021/2022,2.0,4.0,-2.0
Machakos,2021/2022,39996999.0,28127526.0,11869473.0
Garissa,2021/2022,40503510.0,34707318.0,5796192.0
Wajir,2021/2022,40000000.0,34275861.0,5724139.0
Isiolo,2021/2022,37106200.0,33925872.0,3180328.0
Kakamega,2021/2022,42000000.0,42783076.0,-783076.0
Renovation of ICT,2021/2022,93898250.0,56110235.0,37788015.0
Power Banks_ Morpho,2021/2022,41500.0,38331.0,3169.0
Power Banks_ VIU,2021/2022,30000.0,29439.0,561.0
32 GB Sd cards,2021/2022,120700.0,119083.0,1617.0
Sim Cards - Safaricom,2021/2022,49564.0,34772.0,14792.0
Sim Cards - Airtel,2021/2022,28551.0,17662.0,10889.0
Sim Cards Telkom,2021/2022,24312.0,16090.0,8222.0
"16 January,",2021/2022,2018.0,23.0,1995.0
Insurance Costs,2021/2022,156993158.0,114500000.0,42493158.0
Fuel Oil and Lubricants,2021/2022,65735378.0,60000000.0,5735378.0
Domestic Travel and Subsistence,2021/2022,177045876.0,64759216.0,112286660.0
"Hospitality, Supplies and Services",2021/2022,30300971.0,26847741.0,3453230.0
2010,2021/2022,70.0,457.0,-387.0
Phone: +254,2021/2022,20.0,3214000.0,-3213980.0
Arror Dam,2022/2023,91852267.0,3196591.0,88655676.0
Itare Dam,2022/2023,141552608.0,36388094.0,105164514.0
Kimwarer,2022/2023,71878751.0,15380277.0,56498474.0
1 Kenya Farmers Association,2022/2023,1.0,20.0,-19.0
2 National Agricultural Chemical and Fertilizer Limited,2022/2023,2084998.0,41699960.0,-39614962.0
3 Busia Sugar Company,2022/2023,1485675.0,29713500.0,-28227825.0
4 Nyari Estate Limited,2022/2023,2500.0,50000.0,-47500.0
5 Kenya Poultry Limited,2022/2023,4.0,20.0,-16.0
6 Mercat (K) Limited,2022/2023,39.0,195.0,-156.0
7 Ken-Ren Chemicals and Fertilizers Limited,2022/2023,3640000.0,72800000.0,-69160000.0
Business Registration Services,2022/2023,1148101023.0,1148100976.0,47.0
Ministry of Mining,2022/2023,359500.0,340000.0,19500.0
Registrar of Motor Vehicles,2022/2023,3554765789.0,3566874519.0,-12108730.0
Civil Registration Department,2022/2023,19947100.0,19946807.0,293.0
Department of Immigration,2022/2023,9500459550.0,9508540300.0,-8080750.0
State Law Office and Department,2022/2023,64504900.0,61118650.0,3386250.0
Registrar of Motor Vehicles,2022/2023,3554765789.0,3589862509.0,-35096720.0
Directorate of Criminal Investigations,2022/2023,1278450000.0,1273753000.0,4697000.0
Ministry of Mining,2022/2023,340000.0,359500.0,-19500.0
Registrar of Motor Vehicles,2022/2023,3566874519.0,3589862509.0,-22987990.0
Civil Registration Department,2022/2023,19946807.0,19947100.0,-293.0
Directorate of Criminal,2022/2023,1278450000.0,1273753000.0,4697000.0
Department of Immigration,2022/2023,9508540300.0,9500459550.0,8080750.0
State Law Office and Department,2022/2023,61118650.0,64504900.0,-3386250.0
Application Fees,2022/2023,5569640.0,5581614.0,-11974.0
Repayment of Domestic and,2022/2023,14209370020.0,10635604751.0,3573765269.0
Security of Government,2022/2023,77226000.0,74749500.0,2476500.0
Kenya Police Service,2022/2023,166666725.0,83333362.0,83333363.0
Equity Group Foundation,2022/2023,9000.0,7573.0,1427.0
Jomo Kenyatta Foundation -,2022/2023,3000.0,3000.0,0.0
pending bills for the project packages,2022/2023,1.0,2.0,-1.0
RD- 28-6-2022,2022/2023,1391684274.0,1391684274.0,0.0
RD- 28-6-2022,2022/2023,1586806817.0,1586806817.0,0.0
represented by the Environment of Energy and Energy ABN,2022/2023,34.0,190.0,-156.0
Central Rift Valley Water Works,2022/2023,670875000.0,649781094.0,21093906.0
Coast Water Works Development,2022/2023,691477936.0,570019476.0,121458460.0
North Rift Valley Water Works,2022/2023,195250000.0,200760998.0,-5510998.0
Upper Tana Catchment Natural,2022/2023,509482688.0,469482688.0,40000000.0
Tanathi Water Works,2022/2023,308500000.0,343440654.0,-34940654.0
1. Keroka Town Water,2022/2023,114309996.0,22861999.0,91447997.0
2. Kabarnet Last Mile,2022/2023,113331422.0,93187633.0,20143789.0
3. Acquisition of Land,2022/2023,132096056.0,122560948.0,9535108.0
4. Kipkarren Dam,2022/2023,1185758692.0,767104954.0,418653738.0
5. Bomet Mulot Water,2022/2023,2068582536.0,356652161.0,1711930375.0
6. Oyugis Water Supply,2022/2023,608822546.0,484572959.0,124249587.0
7. Cheparareira,2022/2023,217096202.0,176927655.0,40168547.0
8. Malaba Water Supply,2022/2023,654336922.0,280920770.0,373416152.0
9. UngunjaSega Ukwala,2022/2023,1053018445.0,794467617.0,258550828.0
10. Kiptogot Kolongo,2022/2023,1200043073.0,1013926204.0,186116869.0
"representatives on 17 November,",2022/2023,2020.0,13.0,2007.0
July,2022/2023,38074296.0,39072966.0,-998670.0
August,2022/2023,37559977.0,39549761.0,-1989784.0
September,2022/2023,37842154.0,39049851.0,-1207697.0
October,2022/2023,37842465.0,40142141.0,-2299676.0
November,2022/2023,36616002.0,37644430.0,-1028428.0
December,2022/2023,36778961.0,42707973.0,-5929012.0
January,2022/2023,37275549.0,40405087.0,-3129538.0
February,2022/2023,36798700.0,38043587.0,-1244887.0
March,2022/2023,36850893.0,36704875.0,146018.0
April,2022/2023,36913692.0,29744715.0,7168977.0
May,2022/2023,37634158.0,27872710.0,9761448.0
June,2022/2023,37324169.0,18059903.0,19264266.0
numbers,2022/2023,2.0,3.0,-1.0
Bills,2022/2023,1.0,2.0,-1.0
2021/2022,2022/2023,167460.0,23444400.0,-23276940.0
2022/2023,2022/2023,99948.0,13992720.0,-13892772.0
"i. As reported in previous years,",2022/2023,79057.0,6.0,79051.0
some,2022/2023,237616.0,6.0,237610.0
Bank Balance,2022/2023,30140234.0,1098775907.0,-1068635673.0
Corporation Circular Ref No OP/CAB.9/1A dated March,2022/2023,11.0,2020.0,-2009.0
Bank Balances,2022/2023,4906144.0,4949389.0,-43245.0
Cash Balances,2022/2023,688322.0,263170762.0,-262482440.0
Imprest and Advances and,2022/2023,4659366.0,12948657.0,-8289291.0
Third Party Deposits and,2022/2023,4530927.0,5648532.0,-1117605.0
"since the financial years ended 30 June,",2022/2023,2017.0,2018.0,-1.0
services and acquisition of assets respectively as disclosed in Notes,2022/2023,4.0,5.0,-1.0
Machakos,2022/2023,39996999.0,28127526.0,11869473.0
Garissa,2022/2023,40503510.0,34707318.0,5796192.0
Wajir,2022/2023,40000000.0,34275861.0,5724139.0
Isiolo,2022/2023,37106200.0,33925872.0,3180328.0
Kakamega,2022/2023,42000000.0,42783076.0,-783076.0
Renovation of ICT,2022/2023,93898250.0,56110235.0,37788015.0
108/2018,2022/2023,65.0,138.0,-73.0
2011/2012,2023/2024,468151970000.0,2340759850.0,465811210150.0
2012/2013,2023/2024,529300000000.0,2646500000.0,526653500000.0
2013/2014,2023/2024,529300000000.0,2646500000.0,526653500000.0
2014/2015,2023/2024,776900000000.0,3884500000.0,773015500000.0
2015/2016,2023/2024,776900000000.0,3884500000.0,773015500000.0
2016/2017,2023/2024,776900000000.0,3884500000.0,773015500000.0
2017/2018,2023/2024,776900000000.0,3884500000.0,773015500000.0
2018/2019,2023/2024,776900000000.0,3884500000.0,773015500000.0
2019/2020,2023/2024,776900000000.0,3884500000.0,773015500000.0
2020/2021,2023/2024,1357698000000.0,6788490000.0,1350909510000.0
2021/2022,2023/2024,1357698000000.0,6788490000.0,1350909510000.0
2022/2023,2023/2024,1413694840000.0,7068474200.0,1406626365800.0
2023/2024,2023/2024,1673715000000.0,8368574000.0,1665346426000.0
Arror,2023/2024,91852267.0,91852267.0,0.0
"Kimwarer 71,878,751 -",2023/2024,71878751.0,35283633.0,36595118.0
Itare,2023/2024,146068840.0,4516233.0,141552607.0
Business Registration Services,2023/2024,1177641046.0,1175751496.0,1889550.0
"7,239,045,526",2023/2024,7099712543.0,139332983.0,6960379560.0
Ministry of Mining,2023/2024,29148021.0,31950303.0,-2802282.0
Registrar of Motor Vehicles,2023/2024,3640267851.0,3632440612.0,7827239.0
Civil Registration Department,2023/2024,34211130.0,36002763.0,-1791633.0
Department of Immigration,2023/2024,10632707895.0,10634305708.0,-1597813.0
National Registration Bureau,2023/2024,89954000.0,88162000.0,1792000.0
Kenya Revenue Authority,2023/2024,20728292881.0,20599416615.0,128876266.0
Business Registration Services,2023/2024,1177641046.0,1179981046.0,-2340000.0
Ministry of Lands and Physical,2023/2024,7239045526.0,7237907791.0,1137735.0
Ministry of Mining,2023/2024,29148021.0,31948103.0,-2800082.0
Registrar of Motor Vehicles,2023/2024,3640267851.0,3634892832.0,5375019.0
Civil Registration Department,2023/2024,34211130.0,36002763.0,-1791633.0
Department of Immigration,2023/2024,10632707895.0,10598302945.0,34404950.0
National Registration Bureau,2023/2024,89954000.0,88162000.0,1792000.0
Kenya Revenue Authority (KRA),2023/2024,20728292881.0,20599416615.0,128876266.0
Betting Control and Licensing,2023/2024,137052568.0,137051768.0,800.0
370524 Authentication of Certificate USD-,2023/2024,101.0,12995.0,-12894.0
370530 Application for docking Facility USD,2023/2024,151.0,19427.0,-19276.0
370531 Access to Jetty USD,2023/2024,91.0,11708.0,-11617.0
369065 Application for docking Facility USD,2023/2024,351.0,45159.0,-44808.0
366516 Volunteer USD,2023/2024,91.0,11708.0,-11617.0
364237 Authentication of Certificate USD-,2023/2024,101.0,12995.0,-12894.0
361187 Authentication of Certificate USD-,2023/2024,101.0,12995.0,-12894.0
360653 Authentication of Certificate USD-,2023/2024,202.0,25989.0,-25787.0
360144 Volunteer USD,2023/2024,91.0,11708.0,-11617.0
"States dominated amounts of Kshs.857,210,458 as disclosed in Notes",2023/2024,4.0,10.0,-6.0
Kenya Airways Exim Bank of USA,2023/2024,29139206543.0,88223867803.0,-59084661260.0
Kenya Ports Authority Government of Japan,2023/2024,43134816734.0,79490515426.0,-36355698692.0
Kenya Electricity Generating Government of,2023/2024,27891001491.0,2514574228.0,25376427263.0
the project closing date to December,2023/2024,31.0,2024.0,-1993.0
"reported that on 24 July,",2023/2024,2018.0,95.0,1923.0
"1 Proposed 31 July,",2023/2024,2009.0,3.0,2006.0
"2 Tinderet Sub 12 April,",2023/2024,2011.0,2.0,2009.0
"3 Nandi South Sub 28 April,",2023/2024,2010.0,2.0,2008.0
4 Bunyala DCC's 2010/2011 2 years,2023/2024,47000000.0,30000000.0,17000000.0
5 Tigania East 2010/2011 2 years,2023/2024,75590000.0,73141250.0,2448750.0
6 Igembe North 10/06/2020 2 years,2023/2024,28234704.0,25479566.0,2755138.0
7 Magunga district 15/03/2013 2 years,2023/2024,8541416.0,3586583.0,4954833.0
"8 Proposed 14 April,",2023/2024,2020.0,3.0,2017.0
"Programme/ Date Date Cost 30 June,",2023/2024,2024.0,30.0,1994.0
1. Proposed 14.12.2021 14.08.2023,2023/2024,2809531009.0,175000000.0,2634531009.0
2. Proposed 21.06.2022 21.12.2022,2023/2024,238178798.0,90192000.0,147986798.0
3. Proposed 18.01.2022 18.01.2025,2023/2024,18899083433.0,2902054096.0,15997029337.0
"Lusaka- 144,248.44 106,942.05 37,306.39",2023/2024,131.0,4887137.0,-4887006.0
"Berlin recurrent 33,853.12 4,785.17 29,067.95",2023/2024,142.0,4127649.0,-4127507.0
registered office known as sub parcels,2023/2024,11.0,12.0,-1.0
registered right of ownership to the sub parcels,2023/2024,11.0,12.0,-1.0
"quantities that have been completed. Further, subsequent certificate numbers",2023/2024,5.0,6.0,-1.0
Current Grants to Other,2023/2024,86343503165.0,86226034595.0,117468570.0
Capital Grants to Other,2023/2024,1827430378.0,1836581416.0,-9151038.0
1 Bungoma,2023/2024,5.0,28.0,-23.0
4 Migori,2023/2024,5.0,29.0,-24.0
9 Muranga,2023/2024,6.0,1.0,5.0
20 Wajir,2023/2024,5.0,10.0,-5.0
21 Mandera,2023/2024,5.0,6.0,-1.0
22 Marsabit,2023/2024,2.0,21.0,-19.0
25 Garissa,2023/2024,4.0,28.0,-24.0
26 Kitui,2023/2024,5.0,11.0,-6.0
28 Taita Taveta,2023/2024,4.0,26.0,-22.0
Busia 99.9%,2023/2024,64554655.0,64544655.0,10000.0
Homa Bay 96%,2023/2024,6660383.0,1674468.0,4985915.0
Turkana 90%,2023/2024,37500896.0,35369595.0,2131301.0
Isiolo 95%,2023/2024,4141000.0,4141000.0,0.0
6,2023/2024,4.0,7.0,-3.0
"Kenya Urban Roads Authority and the Project Consultant, dated May",2023/2024,5.0,2022.0,-2017.0
previously forfeited for the years,2023/2024,2011.0,2012.0,-1.0
August,2023/2024,18.0,2021.0,-2003.0
1 Weihai Kapenguria Town,2023/2024,837626342.0,1.0,837626341.0
2 China Railway No Eldoret Town Last,2023/2024,504201143.0,15.0,504201128.0
3 Machiri Ltd Kipkaren Dam,2023/2024,1185758691.0,13.0,1185758678.0
4 Toddy Engineering Kakamega Town,2023/2024,129833440.0,31.0,129833409.0
5 China State Kilgoris-Lolgorian,2023/2024,596906195.0,5.0,596906190.0
6 China Railway No Bomet-Mulot Water,2023/2024,1783260807.0,18.0,1783260789.0
KCB,2023/2024,3832000.0,2603120.0,1228880.0
KCB,2023/2024,8781000.0,7478312.0,1302688.0
Coop Bank,2023/2024,120804000.0,18934022.0,101869978.0
Coop Bank,2023/2024,45519000.0,85009736.0,-39490736.0
ABSA Bank,2023/2024,3023000.0,73143.0,2949857.0
GCF,2023/2024,114700.0,80575.0,34125.0
GCF,2023/2024,92132.0,75525.0,16607.0
GOK,2023/2024,98800.0,65792.0,33008.0
Prioritized Crops MT of rice produced,2023/2024,151856.0,280000.0,-128144.0
Support to No of technologies,2023/2024,6.0,10.0,-4.0
"Further, Progress report number two (2) indicated that Block",2023/2024,3.0,4.0,-1.0
1(b)(ii): Registration of Households in 2020/2021,2023/2024,500000.0,4300000.0,-3800000.0
6 (a) (vi): Emergency payments made in 2022/2023,2023/2024,5948810.0,5200000.0,748810.0
"14 November,",2023/2024,2024.0,10877586.0,-10875562.0
"burners,",2023/2024,330115.0,6.0,330109.0
"received at the Corporation. However, only",2023/2024,11675.0,6.0,11669.0
25-35,2023/2024,44.0,15.0,29.0
36-44,2023/2024,74.0,25.0,49.0
45-54,2023/2024,99.0,34.0,65.0
55-64,2023/2024,77.0,26.0,51.0
space on the,2023/2024,18.0,19.0,-1.0
Bank Balances,2023/2024,85320110.0,8186097574.0,-8100777464.0
Cash and Cash Equivalents,2023/2024,62119764.0,6718069286.0,-6655949522.0
Cash and Cash Equivalents,2023/2024,85320110.0,8186097574.0,-8100777464.0
Bank Account Balances Note,2023/2024,64375639.0,8186097574.0,-8121721935.0
Extension,2023/2024,1.0,30.0,-29.0
Extension,2023/2024,2.0,1.0,1.0
Extension,2023/2024,3.0,31.0,-28.0
Extension,2023/2024,4.0,1.0,3.0
Extension,2023/2024,5.0,1.0,4.0
194.,2023/2024,2.0,20.0,-18.0
65 108/2018,2023/2024,65.0,138.0,-73.0
