MDA_name,Financial Year,Approved Budget,Actual Expenditure,variance,pct_variance,Utilization Rate (%),Spending Status,Audit Flag
AIA,2020/2021,198535694030,155293985890,43241708140,21.78031932810324,78.21968067189677,Underspent,1
ASDSP II,2021/2022,8300000,2563200,5736800,69.11807228915663,30.88192771084337,Underspent,1
Account Payable - Deposits,2020/2021,4529100210,15488034310,-10958934100,-241.96713677925,341.96713677925004,Overspent,1
Account Payables,2021/2022,1399977930,6107770090,-4707792160,-336.276169725047,436.27616972504705,Overspent,1
Accounts,2020/2021,158689062850,4643433390,154045629460,97.07387937983528,2.9261206201647187,Underspent,1
Acquisition of Assets,2020/2021,2603723680,1931824430,671899250,25.80532086261934,74.19467913738066,Underspent,1
Acquisition of Assets,2021/2022,1137124700,1581610480,-444485780,-39.08856961773849,139.0885696177385,Overspent,1
Acquisition of Land,2022/2023,1320960560,1225609480,95351080,7.21831392149967,92.78168607850033,Underspent,0
Adjustment during the year,2020/2021,6262310,4840628180,-4834365870,-77197.80512302968,77297.80512302968,Overspent,1
Agro-Chemical and Food,2020/2021,28468840000,29418840000,-950000000,-3.336981766731627,103.33698176673163,Overspent,0
Application Fees,2022/2023,55696400,55816140,-119740,-0.21498696504621487,100.21498696504621,On Budget,0
Application for docking Facility USD,2023/2024,5020,645860,-640840,-12765.737051792828,12865.737051792828,Overspent,1
April,2020/2021,20210,6440240,-6420030,-31766.60069272637,31866.60069272637,Overspent,1
April,2021/2022,20210,10632770,-10612560,-52511.42998515586,52611.42998515586,Overspent,1
April,2022/2023,369136920,297447150,71689770,19.420915686244552,80.57908431375544,Underspent,1
Arror,2023/2024,918522670,918522670,0,0.0,100.0,On Budget,0
Arror Dam,2020/2021,61595780,61595780,0,0.0,100.0,On Budget,0
Arror Dam,2021/2022,918522670,31965910,886556760,96.51985617295652,3.4801438270434852,Underspent,1
Arror Dam,2022/2023,918522670,31965910,886556760,96.51985617295652,3.4801438270434852,Underspent,1
Athi Water Services Board,2021/2022,471816774430,447803101720,24013672710,5.089618261031695,94.91038173896831,Underspent,0
August,2022/2023,375599770,395497610,-19897840,-5.297617727508193,105.29761772750818,Overspent,0
Authentication of Certificate USD-,2023/2024,5050,649740,-644690,-12766.138613861387,12866.138613861387,Overspent,1
B Frame,2020/2021,8540000,20491000,-11951000,-139.94145199063232,239.94145199063232,Overspent,1
Basic Wages,2020/2021,4818860560,3322773030,1496087530,31.046499714447016,68.95350028555298,Underspent,1
Berlin recurrent,2023/2024,1420,41276490,-41275070,-2906695.0704225353,2906795.0704225353,Overspent,1
Betting Control and Licensing,2023/2024,1370525680,1370517680,8000,0.0005837176286985006,99.9994162823713,On Budget,0
Bomet Mulot Water,2022/2023,20685825360,3566521610,17119303750,82.75862070799191,17.241379292008098,Underspent,1
Bomet Mulot Water Supply,2021/2022,20685825360,3566521610,17119303750,82.75862070799191,17.241379292008098,Underspent,1
Bunyala DCCs,2023/2024,470000000,300000000,170000000,36.17021276595745,63.829787234042556,Underspent,1
Bunyonge,2020/2021,100000,1500000,-1400000,-1400.0,1500.0,Overspent,1
Busia,2023/2024,645546550,645446550,100000,0.015490749660113589,99.98450925033988,On Budget,0
Busia Sugar Company,2022/2023,14856750,297135000,-282278250,-1900.0,2000.0,Overspent,1
Business Registration Services,2022/2023,11481010230,11481009760,470,4.093716411574002e-06,99.99999590628359,On Budget,0
Business Registration Services,2023/2024,23552820920,23557325420,-4504500,-0.01912509764881276,100.01912509764881,On Budget,0
CADREP,2021/2022,72058310,99562630,-27504320,-38.169532424504546,138.16953242450452,Overspent,1
CBK-Deposits,2020/2021,1470659030,1369963150,100695880,6.846990223151861,93.15300977684814,Underspent,0
CBK-Recurrent,2020/2021,2737105780,15855200,2721250580,99.42073119293184,0.5792688070681726,Underspent,1
Capital Grants to Other,2023/2024,18274303780,18365814160,-91510380,-0.5007598708091522,100.50075987080915,On Budget,0
Catering Levy TrusteeKenya,2020/2021,1220000000,1221250280,-1250280,-0.10248196721311476,100.10248196721312,On Budget,0
Central Rift Valley Water Works,2022/2023,6708750000,6497810940,210939060,3.144237898267188,96.85576210173281,Underspent,0
Cheparareira,2022/2023,2170962020,1769276550,401685470,18.50264842495955,81.49735157504045,Underspent,1
Cheparareira Sewerage,2021/2022,2170962020,1008828600,1162133420,53.53080382309038,46.46919617690963,Underspent,1
Civil Registration Department,2022/2023,398939070,398939070,0,0.0,100.0,On Budget,0
Civil Registration Department,2023/2024,684222600,720055260,-35832660,-5.236988664215417,105.23698866421543,Overspent,0
Coast Water Service Board,2020/2021,262715892900,126121065310,136594827590,51.993362899439575,48.006637100560425,Underspent,1
Coast Water Service Board,2021/2022,158395468040,128659231450,29736236590,18.773413758587232,81.22658624141278,Underspent,1
Coast Water Works Development,2022/2023,6914779360,5700194760,1214584600,17.56505214072369,82.4349478592763,Underspent,1
Construction of Roads,2020/2021,949499990,906708500,42791490,4.506739383957234,95.49326061604276,Underspent,0
Conveyance Fees,2020/2021,88862860,75707400,13155460,14.804227547931722,85.19577245206827,Underspent,1
Conveyance Fees,2021/2022,65779100,82431300,-16652200,-25.315335722136666,125.31533572213667,Overspent,1
Current Grants to Other,2023/2024,863435031650,862260345950,1174685700,0.1360479546162505,99.86395204538375,On Budget,0
D Roof Finishing and,2020/2021,11951000,6387000,5564000,46.556773491758015,53.44322650824199,Underspent,1
Daadab,2020/2021,5687090310,1661501300,4025589010,70.78468585106748,29.215314148932514,Underspent,1
December,2022/2023,367789610,427079730,-59290120,-16.120662027402023,116.12066202740203,Overspent,1
Department of Immigration,2022/2023,190089998500,190089998500,0,0.0,100.0,On Budget,0
Department of Immigration,2023/2024,212654157900,212326086530,328071370,0.1542746087072864,99.84572539129272,On Budget,0
Deposit,2020/2021,24360010,140489020,-116129010,-476.71987819381025,576.7198781938102,Overspent,1
Deposits,2020/2021,5336367620,100532282830,-95195915210,-1783.9084933582594,1883.9084933582594,Overspent,1
Development,2020/2021,3104940590,2219373050,885567540,28.521239435373545,71.47876056462646,Underspent,1
Development Account,2020/2021,348111359950,292248674390,55862685560,16.04736069745718,83.95263930254282,Underspent,1
Directorate of Criminal,2022/2023,12784500000,12737530000,46970000,0.36739802104110447,99.63260197895889,On Budget,0
Directorate of Criminal Investigations,2022/2023,12784500000,12737530000,46970000,0.36739802104110447,99.63260197895889,On Budget,0
Domestic Travel and,2020/2021,307840600,309282600,-1442000,-0.46842424293611695,100.46842424293612,On Budget,0
Domestic Travel and Subsistence,2021/2022,1770458760,647592160,1122866600,63.42235274658417,36.57764725341583,Underspent,1
E Windows,2020/2021,2483500,1749650,733850,29.549023555466075,70.45097644453392,Underspent,1
EASTRIP,2020/2021,720094800,719459100,635700,0.08828004312765485,99.91171995687235,On Budget,0
ELRP,2021/2022,1497044390,1697724500,-200680110,-13.405087473725477,113.40508747372549,Overspent,1
Enabling Kiosks-,2020/2021,33428000,25405280,8022720,24.0,76.0,Underspent,1
Equity Group Foundation,2022/2023,90000,75730,14270,15.855555555555556,84.14444444444445,Underspent,1
Exchequer,2020/2021,311263694760,1481132390110,-1169868695350,-375.84489133948875,475.84489133948875,Overspent,1
Exchequer Releases,2020/2021,118949040750,95040078660,23908962090,20.10017225800957,79.89982774199042,Underspent,1
F Doors,2020/2021,11160000,3875000,7285000,65.27777777777779,34.72222222222222,Underspent,1
Fafi,2020/2021,3594862920,1310978030,2283884890,63.53190485494229,36.46809514505772,Underspent,1
February,2022/2023,367987000,380435870,-12448870,-3.382964615597834,103.38296461559784,Overspent,0
Final Account,2020/2021,141223120,110529860,30693260,21.733877569055267,78.26612243094473,Underspent,1
Foreign Travel and,2020/2021,281043550,281059950,-16400,-0.005835394550061725,100.00583539455006,On Budget,0
Foreign Travel and,2021/2022,482905440,481525500,1379940,0.2857578079882471,99.71424219201175,On Budget,0
Fuel Oil and Lubricants,2020/2021,250000000,154077400,95922600,38.36904,61.63096,Underspent,1
Fuel Oil and Lubricants,2021/2022,671731780,626695000,45036780,6.704577830157151,93.29542216984285,Underspent,0
GB Sd cards,2021/2022,1207000,1190830,16170,1.339685169842585,98.66031483015742,Underspent,0
GCF,2023/2024,2068320,1561000,507320,24.528119439931924,75.47188056006807,Underspent,1
GOK,2023/2024,988000,657920,330080,33.4089068825911,66.5910931174089,Underspent,1
Garissa,2021/2022,405035100,347073180,57961920,14.31034495528906,85.68965504471095,Underspent,1
Garissa,2022/2023,405035100,347073180,57961920,14.31034495528906,85.68965504471095,Underspent,1
General Deposits,2020/2021,2418074100,2819280920,-401206820,-16.591998566131615,116.59199856613162,Overspent,1
General suspense,2020/2021,5936206980,5936225240,-18260,-0.0003076038295416714,100.00030760382954,On Budget,0
Government,2020/2021,23899690,21554331860,-21530432170,-90086.65873908825,90186.65873908825,Overspent,1
Government Imprests,2020/2021,7033930,6642050,391880,5.571280919770313,94.42871908022968,Underspent,0
Headquarters Recurrent,2020/2021,511680,269000,242680,47.42808005003127,52.57191994996872,Underspent,1
Homa Bay,2023/2024,66603830,16744680,49859150,74.85928361777393,25.14071638222607,Underspent,1
Hospitality Supplies and,2020/2021,529862660,375142850,154719810,29.199983633494764,70.80001636650523,Underspent,1
Hospitality Supplies and Services,2021/2022,303009710,268477410,34532300,11.396433467429146,88.60356653257085,Underspent,1
IDB Capital Limited,2020/2021,15556755000,4278599580,11278155420,72.49683767598063,27.503162324019375,Underspent,1
Igembe North,2023/2024,282347040,254795660,27551380,9.75798435853976,90.24201564146024,Underspent,0
Imprest and Advances and,2022/2023,46593660,129486570,-82892910,-177.90598549244683,277.9059854924468,Overspent,1
Imprests and Advances and District,2021/2022,119648930,70768060,48880870,40.85357888281993,59.14642111718007,Underspent,1
Industrial and Commercial,2020/2021,11542561320,8342561320,3200000000,27.723482780683206,72.27651721931679,Underspent,1
Insurance Costs,2021/2022,1569931580,1145000000,424931580,27.066885297001285,72.93311470299871,Underspent,1
Isiolo,2021/2022,371062000,339258720,31803280,8.570880338056714,91.42911966194329,Underspent,0
Isiolo,2022/2023,371062000,339258720,31803280,8.570880338056714,91.42911966194329,Underspent,0
Isiolo,2023/2024,41410000,41410000,0,0.0,100.0,On Budget,0
Itare,2023/2024,1460688400,45162330,1415526070,96.90814755563198,3.0918524443680115,Underspent,1
Itare Dam,2020/2021,1415526080,200263630,1215262450,85.85235321132339,14.147646788676619,Underspent,1
Itare Dam,2022/2023,1415526080,363880940,1051645140,74.29358984328992,25.706410156710074,Underspent,1
Itare Dam Project,2021/2022,1415526080,363880940,1051645140,74.29358984328992,25.706410156710074,Underspent,1
J Ceiling Finishes,2020/2021,4267000,6168000,-1901000,-44.551206936958046,144.55120693695804,Overspent,1
Jan-March,2021/2022,20220,10551270,-10531050,-52082.344213649856,52182.344213649856,Overspent,1
January,2022/2023,372755490,404050870,-31295380,-8.395685869039783,108.39568586903978,Overspent,0
Job Category,2020/2021,11970,2180,9790,81.78780284043442,18.21219715956558,Underspent,1
Jomo Kenyatta Foundation -,2022/2023,30000,30000,0,0.0,100.0,On Budget,0
July,2020/2021,60630,776078440,-776017810,-1279923.816592446,1280023.816592446,Overspent,1
July,2021/2022,20210,10106320,-10086110,-49906.531420089064,50006.531420089064,Overspent,1
July,2022/2023,380742960,390729660,-9986700,-2.6229506646688883,102.62295066466889,Overspent,0
June,2020/2021,242520,13021783890,-13021541370,-5369264.95546759,5369364.95546759,Overspent,1
June,2022/2023,373241690,180599030,192642660,51.613382202829484,48.386617797170516,Underspent,1
KCB,2023/2024,126130000,100814320,25315680,20.07110124474748,79.92889875525252,Underspent,1
KIDDP,2020/2021,263424440,261595540,1828900,0.6942787844590275,99.30572121554097,On Budget,0
Kabarnet Last Mile,2021/2022,1133314220,464137150,669177070,59.04603138218808,40.953968617811924,Underspent,1
Kabarnet Last Mile,2022/2023,1133314220,931876330,201437890,17.774231227770176,82.22576877222983,Underspent,1
Kakamega,2021/2022,420000000,427830760,-7830760,-1.8644666666666667,101.86446666666666,Overspent,0
Kakamega,2022/2023,420000000,427830760,-7830760,-1.8644666666666667,101.86446666666666,Overspent,0
Kakamega Mwanzo,2020/2021,200000,3000000,-2800000,-1400.0,1500.0,Overspent,1
Ken-Ren Chemicals and Fertilizers Limited,2022/2023,36400000,728000000,-691600000,-1900.0,2000.0,Overspent,1
Kenya Airports Authority,2021/2022,17080127390,17098081670,-17954280,-0.10511795134801978,100.10511795134802,On Budget,0
Kenya Civil Aviation Authority,2020/2021,20835569870,20290249560,545320310,2.617256515672158,97.38274348432783,Underspent,0
Kenya Electricity Generating Government of,2023/2024,278910014910,25145742280,253764272630,90.98428133241678,9.015718667583215,Underspent,1
Kenya Electricity Transmission,2021/2022,23062570990,25637137100,-2574566110,-11.163395924575536,111.16339592457554,Overspent,1
Kenya Meat Commission,2020/2021,9402411000,3000000000,6402411000,68.09329011463123,31.906709885368763,Underspent,1
Kenya Meat Commission,2021/2022,9402411000,3000000000,6402411000,68.09329011463123,31.906709885368763,Underspent,1
Kenya Police Service,2022/2023,1666667250,833333620,833333630,50.00000029999989,49.9999997000001,Underspent,1
Kenya Ports Authority Government of Japan,2023/2024,431348167340,794905154260,-363556986920,-84.28388351849303,184.28388351849304,Overspent,1
Kenya Power and Lighting,2020/2021,810570316020,480281976100,330288339920,40.74764809322853,59.25235190677147,Underspent,1
Kenya Power and Lighting,2021/2022,561474690370,563407423240,-1932732870,-0.3442243974926759,100.34422439749267,On Budget,0
Kenya Revenue Authority,2023/2024,207282928810,205994166150,1288762660,0.6217408579658327,99.37825914203417,On Budget,0
Kenya Revenue Authority KRA,2023/2024,207282928810,205994166150,1288762660,0.6217408579658327,99.37825914203417,On Budget,0
Keroka Town Water,2022/2023,1143099960,228619990,914479970,80.00000017496282,19.99999982503717,Underspent,1
Keroka Town Water Supply,2021/2022,1143099960,228619990,914479970,80.00000017496282,19.99999982503717,Underspent,1
Kilifi Mariakani Water and,2021/2022,2839982360,3792103380,-952121020,-33.525596264619054,133.52559626461905,Overspent,1
Kimwarer,2022/2023,718787510,153802770,564984740,78.60247042968234,21.39752957031766,Underspent,1
Kimwarer,2023/2024,718787510,352836330,365951180,50.912289780883924,49.087710219116076,Underspent,1
Kimwarer Dam,2020/2021,718787510,51267590,667519920,92.86749014322744,7.132509856772554,Underspent,1
Kimwarer Dam,2021/2022,718787510,153802770,564984740,78.60247042968234,21.39752957031766,Underspent,1
Kipkarren Dam,2022/2023,11857586920,7671049540,4186537380,35.306824299458725,64.69317570054127,Underspent,1
Kiptogot Kolongo,2022/2023,12000430730,10139262040,1861168690,15.509182394155612,84.49081760584438,Underspent,1
Kisii Ichumi Primary,2020/2021,200000,3000000,-2800000,-1400.0,1500.0,Overspent,1
Kitutu Chache,2021/2022,20130,20140,-10,-0.04967709885742673,100.04967709885744,On Budget,0
Kolongolo,2020/2021,20180,20210,-30,-0.14866204162537167,100.14866204162539,On Budget,0
Kshs,2020/2021,4690,8570,-3880,-82.72921108742004,182.72921108742003,Overspent,1
L Joinery Fitting,2020/2021,41055600,885000,40170600,97.84438663665857,2.15561336334142,Underspent,1
Lagdera,2020/2021,3660573610,848505010,2812068600,76.82043580049739,23.179564199502604,Underspent,1
Lake Victoria North Water Services,2021/2022,115941437050,126184173150,-10242736100,-8.834404989807739,108.83440498980774,Overspent,0
Lake Victoria South Water,2020/2021,145114051340,19780151700,125333899640,86.36923749468244,13.630762505317565,Underspent,1
Lake Victoria South Water,2021/2022,129919852100,94713365980,35206486120,27.09861930330815,72.90138069669186,Underspent,1
Land Adjudication and Case Fees,2021/2022,2156280,14970840,-12814560,-594.2901663976849,694.2901663976849,Overspent,1
Land Registration Fees,2021/2022,85431780,185150800,-99719020,-116.72356586740906,216.72356586740906,Overspent,1
Land Valuation Fee,2020/2021,64568780,23220350,41348430,64.03780588699368,35.96219411300632,Underspent,1
Land Valuation Fee,2021/2022,93456110,513576710,-420120600,-449.53786328149124,549.5378632814912,Overspent,1
Los Angeles,2020/2021,1433280,1088980,344300,24.021824067872295,75.97817593212771,Underspent,1
Lusaka-,2023/2024,1310,48871370,-48870060,-3730538.93129771,3730638.93129771,Overspent,1
Machakos,2021/2022,399969990,281275260,118694730,29.675908935067852,70.32409106493215,Underspent,1
Machakos,2022/2023,399969990,281275260,118694730,29.675908935067852,70.32409106493215,Underspent,1
Magunga district,2023/2024,85414160,35865830,49548330,58.009503342302956,41.99049665769704,Underspent,1
Malaba Water Supply,2021/2022,6543369220,1033635740,5509733480,84.20331017175889,15.796689828241114,Underspent,1
Malaba Water Supply,2022/2023,6543369220,2809207700,3734161520,57.06787122124219,42.93212877875781,Underspent,1
Malindi Water Sewerage and,2021/2022,2847484100,3540335260,-692851160,-24.3320466653352,124.3320466653352,Overspent,1
March,2022/2023,368508930,367048750,1460180,0.39624005855163397,99.60375994144837,On Budget,0
Ministry of Interior National Police,2021/2022,8249282790,4000000000,4249282790,51.510936140425365,48.489063859574635,Underspent,1
Ministry of Interior State Department,2021/2022,9996281350,4000000000,5996281350,59.98511986659919,40.01488013340081,Underspent,1
Ministry of Lands and Physical,2023/2024,72390455260,72379077910,11377350,0.01571664380219288,99.9842833561978,On Budget,0
Ministry of Mining,2022/2023,6995000,6995000,0,0.0,100.0,On Budget,0
Ministry of Mining,2023/2024,582960420,638984060,-56023640,-9.610196177641015,109.610196177641,Overspent,0
Mulama,2020/2021,200000,3000000,-2800000,-1400.0,1500.0,Overspent,1
NARIG,2021/2022,257643990,494546170,-236902180,-91.94942990907725,191.94942990907725,Overspent,1
Narok Town Sewerage,2021/2022,1951875090,1905169500,46705590,2.3928575265541197,97.60714247344589,Underspent,0
National Agricultural Chemical and Fertilizer Limited,2022/2023,20849980,416999600,-396149620,-1900.0,2000.0,Overspent,1
National Registration Bureau,2023/2024,1799080000,1763240000,35840000,1.9921293105364963,98.0078706894635,Underspent,0
Net Financial Position,2020/2021,24594790,74749820,-50155030,-203.92542485623989,303.9254248562399,Overspent,1
New Household sewer,2021/2022,160000,130000,30000,18.75,81.25,Underspent,1
New Piped household,2021/2022,160000,109000,51000,31.874999999999996,68.125,Underspent,1
North Rift Valley Water Works,2022/2023,1952500000,2007609980,-55109980,-2.8225341869398206,102.82253418693983,Overspent,0
Northern Water Services Board,2020/2021,53890000000,27576915470,26313084530,48.82739753200965,51.172602467990345,Underspent,1
Northern Water Services Board,2021/2022,53890000000,32673837220,21216162780,39.36938723325292,60.630612766747085,Underspent,1
November,2022/2023,366160020,376444300,-10284280,-2.8086845745747993,102.8086845745748,Overspent,0
November,2023/2024,20240,108775860,-108755620,-537330.1383399209,537430.1383399209,Overspent,1
Nyari Estate Limited,2022/2023,25000,500000,-475000,-1900.0,2000.0,Overspent,1
Nzoia Sugar Company Limited,2020/2021,4585101000,110260571000,-105675470000,-2304.75773598008,2404.75773598008,Overspent,1
Nzoia Sugar Company Limited,2021/2022,4585101000,114543851730,-109958750730,-2398.175105193975,2498.175105193975,Overspent,1
Oct -Dec,2021/2022,20210,10235730,-10215520,-50546.85799109352,50646.85799109352,Overspent,1
October,2022/2023,378424650,401421410,-22996760,-6.076971994292655,106.07697199429265,Overspent,0
Office Furniture and General,2020/2021,341463270,434693660,-93230390,-27.30319720771139,127.30319720771139,Overspent,1
Office and General Supplies and,2021/2022,13546070,4900000,8646070,63.82714691419725,36.17285308580275,Underspent,1
Olkalou Town Sewarage,2021/2022,20830,929870,-909040,-4364.090254440711,4464.090254440711,Overspent,1
Other Liabilities,2020/2021,92985440,92985440,0,0.0,100.0,On Budget,0
Other Operating Expenses,2020/2021,3955193140,2606649070,1348544070,34.095530161644646,65.90446983835535,Underspent,1
Other Operating Expenses,2021/2022,99970980,100695580,-724600,-0.7248103399606566,100.72481033996065,On Budget,0
Other Revenue,2020/2021,10657716540,1895631270,8762085270,82.21353267479564,17.786467325204352,Underspent,1
Other Revenue,2021/2022,6120354510,9964578730,-3844224220,-62.81048285224249,162.8104828522425,Overspent,1
Oyugis Water Supply,2022/2023,6088225460,4845729590,1242495870,20.408177689267113,79.59182231073288,Underspent,1
Oyugis Water Supply and,2021/2022,6088225460,3615337870,2472887590,40.617542931795434,59.382457068204566,Underspent,1
PTorotajelc t,2021/2022,4035804960,3878321510,157483450,3.9021571052333512,96.09784289476664,Underspent,0
People in the informal,2021/2022,1440000,849400,590600,41.013888888888886,58.98611111111111,Underspent,1
People provided with,2021/2022,1600000,2980000,-1380000,-86.25,186.25,Overspent,1
Pigeon Towers -,2020/2021,82716000,55144000,27572000,33.33333333333333,66.66666666666666,Underspent,1
Printing Advertising and,2020/2021,25911430,26259750,-348320,-1.3442716206708778,101.34427162067088,Overspent,0
Prioritized Crops MT of rice produced,2023/2024,1518560,2800000,-1281440,-84.38520703824676,184.38520703824676,Overspent,1
Proposed,2023/2024,219467932400,31672460960,187795471440,85.56852447022916,14.431475529770834,Underspent,1
Proposed Construction of Qorahey,2021/2022,743410420,839595800,-96185380,-12.938395455904425,112.93839545590443,Overspent,1
Proposed Storm Water Drainage and,2021/2022,914587750,1016432350,-101844600,-11.13557447057431,111.13557447057431,Overspent,1
RD-,2022/2023,29784910910,29784910910,0,0.0,100.0,On Budget,0
Reconstruction of Mokowe,2020/2021,1300,1410,-110,-8.461538461538462,108.46153846153845,Overspent,0
Recurrent,2020/2021,12084570220,10431856290,1652713930,13.676232583470396,86.3237674165296,Underspent,1
Recurrent Account,2020/2021,49448668510,47648954990,1799713520,3.639559110951681,96.36044088904832,Underspent,0
Recurrent Transfer,2020/2021,1079992880,1714992880,-635000000,-58.79668391887917,158.79668391887918,Overspent,1
Registrar of Motor Vehicles,2022/2023,106764060970,107465995370,-701934400,-0.657463189038153,100.65746318903814,On Budget,0
Registrar of Motor Vehicles,2023/2024,72805357020,72673334440,132022580,0.18133635408687404,99.81866364591313,On Budget,0
Renovation of ICT,2021/2022,938982500,561102350,377880150,40.24357748946333,59.756422510536666,Underspent,1
Renovation of ICT,2022/2023,938982500,561102350,377880150,40.24357748946333,59.756422510536666,Underspent,1
Repayment of Domestic and,2022/2023,142093700200,106356047510,35737652690,25.15076505129958,74.84923494870041,Underspent,1
Research Feasibility Studies Project,2021/2022,162439600,269603850,-107164250,-65.97175196196001,165.97175196196002,Overspent,1
RiaKiriama,2020/2021,200000,3000000,-2800000,-1400.0,1500.0,Overspent,1
Routine Maintenance,2020/2021,51621600,51435610,185990,0.3602949153067708,99.63970508469323,On Budget,0
Routine Maintenance - Vehicles,2021/2022,42594000,27433400,15160600,35.593276048269715,64.4067239517303,Underspent,1
Routine Maintenance Other,2020/2021,3290000000,2597012580,692987420,21.063447416413375,78.93655258358663,Underspent,1
Rural Electrification Authority,2020/2021,136491584500,155450258270,-18958673770,-13.889994639193304,113.88999463919332,Overspent,1
Rural Electrification Authority,2021/2022,134260886360,133856259370,404626990,0.3013736918994075,99.69862630810059,On Budget,0
Security of Government,2022/2023,772260000,747495000,24765000,3.2068215367881283,96.79317846321187,Underspent,0
September,2022/2023,378421540,390498510,-12076970,-3.1914065991063825,103.19140659910637,Overspent,0
Sewerage,2020/2021,20200,20200,0,0.0,100.0,On Budget,0
Sim Cards - Airtel,2021/2022,285510,176620,108890,38.1387692199923,61.8612307800077,Underspent,1
Sim Cards - Safaricom,2021/2022,495640,347720,147920,29.844241788394804,70.1557582116052,Underspent,1
Sim Cards Telkom,2021/2022,243120,160900,82220,33.818690358670615,66.18130964132939,Underspent,1
Single Journey Visa,2020/2021,6679000,6679000,0,0.0,100.0,On Budget,0
Social Security Benefits,2020/2021,164000000,122487520,41512480,25.312487804878046,74.68751219512195,Underspent,1
Software,2020/2021,232200010,232200010,0,0.0,100.0,On Budget,0
South Nyanza Sugar Company,2020/2021,1990274200,2075040150,-84765950,-4.259008633081813,104.25900863308182,Overspent,0
Specialized Materials and Supp,2021/2022,82815520,91896520,-9081000,-10.965335966012168,110.96533596601216,Overspent,1
Stamp Duty,2020/2021,129881480,45498190,84383290,64.96945522949076,35.03054477050924,Underspent,1
Stamp Duty,2021/2022,50998860,136375560,-85376700,-167.40903620198569,267.40903620198566,Overspent,1
Stand Premia on Town,2020/2021,798377680,671715330,126662350,15.864966315190577,84.13503368480943,Underspent,1
Stand Premia on Town Plots,2021/2022,512893160,815886140,-302992980,-59.0752623801807,159.0752623801807,Overspent,1
State House - Uhuru & Central,2021/2022,11834947120,7781927680,4053019440,34.246198135949086,65.75380186405091,Underspent,1
State Law Office and Department,2022/2023,1256235500,1256235500,0,0.0,100.0,On Budget,0
Surplus,2020/2021,4862961280,3140018810,1722942470,35.42990311450722,64.57009688549277,Underspent,1
SurplusDeficit,2020/2021,22435870,35526340,-13090470,-58.34616620616896,158.34616620616896,Overspent,1
SurplusDeficit for the Year,2020/2021,22435870,74749820,-52313950,-233.17103370629266,333.1710337062927,Overspent,1
Tana Water Services Board,2020/2021,75431161430,18064408850,57366752580,76.05179542838705,23.948204571612944,Underspent,1
Tana Water Services Board,2021/2022,75431161430,45451951180,29979210250,39.74380041572164,60.256199584278356,Underspent,1
Tanathi Water Services Board,2021/2022,97135655060,56912924260,40222730800,41.40882230644834,58.59117769355166,Underspent,1
Tanathi Water Works,2022/2023,3085000000,3434406540,-349406540,-11.325981847649919,111.32598184764993,Overspent,1
Telephone Telex Facsimile and,2020/2021,5000000,8404200,-3404200,-68.084,168.084,Overspent,1
Third Party Deposits and,2022/2023,45309270,56485320,-11176050,-24.66614447771946,124.66614447771947,Overspent,1
Third-Party Deposits and Retention,2021/2022,61539200,49493890,12045310,19.57339386927357,80.42660613072643,Underspent,1
Tigania East,2023/2024,755900000,731412500,24487500,3.2395158089694407,96.76048419103056,Underspent,0
Training Expenses,2021/2022,86183410,212045380,-125861970,-146.03967283262523,246.0396728326252,Overspent,1
Training Expenses - Travel,2020/2021,127331800,122085270,5246530,4.120361135238801,95.87963886476119,Underspent,0
Transfer to Other,2020/2021,3707259390,2383839460,1323419930,35.69806670582066,64.30193329417935,Underspent,1
Transfers to Other,2020/2021,175025387160,198526641700,-23501254540,-13.427340411203465,113.42734041120346,Overspent,1
Transfers to other Government Units -,2021/2022,49817110,50363110,-546000,-1.0960089816530907,101.0960089816531,Overspent,0
Turkana,2023/2024,375008960,353695950,21313010,5.683333539550628,94.31666646044937,Underspent,0
Ukwala -,2020/2021,20190,20190,0,0.0,100.0,On Budget,0
UngunjaSega Ukwala,2022/2023,10530184450,7944676170,2585508280,24.553304761912315,75.44669523808768,Underspent,1
Unique project,2021/2022,800000,1670000,-870000,-108.74999999999999,208.75,Overspent,1
Upper Tana Catchment Natural,2022/2023,5094826880,4694826880,400000000,7.8511009190561545,92.14889908094385,Underspent,0
Use of Goods and,2020/2021,4542008250,4543313780,-1305530,-0.028743452854802717,100.0287434528548,On Budget,0
Use of Goods and Services,2020/2021,6492379220,6122848540,369530680,5.691760562316629,94.30823943768337,Underspent,0
Use of Goods and Services,2021/2022,34527000,11246003830,-11211476830,-32471.621716337937,32571.621716337937,Overspent,1
Utilities Supplies and Services,2020/2021,61352550,4489080,56863470,92.68314030957148,7.316859690428515,Underspent,1
Vehicles and Other Transport,2020/2021,869430390,776200000,93230390,10.723157491653817,89.27684250834619,Underspent,1
Wajir,2021/2022,400000000,342758610,57241390,14.3103475,85.68965250000001,Underspent,1
Wajir,2022/2023,400000000,342758610,57241390,14.3103475,85.68965250000001,Underspent,1
Washington,2020/2021,449080,33537100,-33088020,-7367.956711499065,7467.956711499065,Overspent,1
Water Resource Management,2020/2021,13973412430,3626123000,10347289430,74.04983916301681,25.950160836983184,Underspent,1
Water Resource Management,2021/2022,13973412430,3626123000,10347289430,74.04983916301681,25.950160836983184,Underspent,1
Water Supply,2020/2021,40360,40380,-20,-0.049554013875123884,100.04955401387512,On Budget,0
a vi Emergency payments made in,2023/2024,59488100,52000000,7488100,12.587559528712466,87.41244047128754,Underspent,1
bii Registration of Households in,2023/2024,5000000,43000000,-38000000,-760.0,860.0,Overspent,1
